institutionCode,total,has_collectionCode,has_catalogNumber,has_scientificName,has_acceptedNameUsage,has_locality,has_countryCode,has_coordinates,has_image,has_dateIdentified,has_identifiedBy,has_recordedBy,has_eventDate
MOR,103505,85840,103505,103505,0,95341,103346,18063,58292,3089,16943,103064,101046
UCSB,36815,36815,36815,36814,0,36803,36813,17687,28,8,6,36245,36409
BLMMD,4700,4700,4700,4700,4630,4089,4552,1460,2536,1,2948,4611,4500
DEWV,10482,0,10482,10463,0,10456,10482,5043,0,12,2181,10470,10475
Bartlet Arboretum,3765,3765,3765,3765,0,3070,3636,1579,3729,126,135,3701,3710
SC,3872,0,3872,3872,0,656,3810,306,2730,654,655,662,582
GRCH,2325,2325,2325,2325,0,2251,2325,1719,0,204,238,2305,2242
UWL,7385,0,7385,7385,0,6904,7384,7018,7381,7049,7054,7162,6992
RMS,32469,0,32466,32469,0,18932,26181,4755,29818,396,16941,31534,31853
MOVC,2572,0,0,2572,0,2499,2572,2449,0,2,2,2369,2504
NEBK,11186,0,11131,11186,0,10970,11033,9,3971,1,2948,11038,10960
INHS,83,83,83,83,0,81,81,61,0,2,31,27,76
UCR,420768,420767,154233,420768,0,420756,420757,401028,54,76936,86589,420768,154199
GSW,13036,0,13036,13036,0,3192,13005,886,12865,61,101,3271,3205
MWCF,5226,0,5226,5226,0,1803,5191,78,2037,345,1521,1882,1837
ALBC,236,0,236,236,0,197,187,0,236,33,35,227,227
LA,17186,17186,17186,17186,0,16187,17186,13547,0,0,0,17186,16757
PEMB,4469,0,4469,4469,0,918,4468,403,4255,975,977,989,916
EVE,1124,434,1124,1124,409,1112,1118,380,245,27,708,1117,1084
DSUND,1431,0,1421,1431,0,193,1316,949,5,36,1116,1206,1210
HCHM,4051,0,4051,4051,0,3907,3948,4,3943,66,3424,3892,3709
GMDRC,5498,5498,5498,5498,0,5496,5498,5122,5,5,5,5498,5495
"SEL, CM",1,0,1,1,0,0,1,0,0,0,1,1,0
TTU,10,10,9,10,0,8,10,8,0,0,1,3,1
PSUC,19,19,19,19,0,2,4,6,0,1,4,10,8
GMS,8142,0,8141,8142,0,8141,8101,8023,8005,0,0,8037,7877
USFS,8148,8148,3127,8148,0,7896,8073,6293,146,2140,4632,7957,7676
CLARK-A,7372,7372,7372,7372,0,7033,7372,6513,0,0,0,7333,7355
RENO,102497,102497,102497,102497,0,101202,102494,80194,22247,20753,25112,102497,101302
WJC,710,0,710,710,0,623,705,0,0,519,522,709,705
"SEL, MO",1,0,1,1,0,0,1,0,0,1,1,1,0
FLAS,171310,0,171309,170991,0,63834,164107,74058,127696,7853,41337,164273,158771
TAWES,4357,0,4357,4357,0,3108,4357,92,3217,63,63,4234,3108
F,918715,918707,711567,918715,0,279704,861908,742406,653567,106888,157253,692170,8
NCZP,2343,0,1451,2343,0,1423,2323,1,1271,14,14,2340,2282
MCTC,13798,0,13798,13798,0,13086,13101,6658,13797,35,175,13677,13187
FARM,47030,0,47026,47030,0,9,46859,4,39443,4,4,9,9
TAC,2096,0,2096,2096,0,1749,2085,385,0,1913,1925,2083,2052
MCZ,3344,3344,3344,3344,0,1799,1799,1454,0,293,3344,3344,3344
SEINet,268,33,266,268,0,261,268,263,15,93,108,268,262
WFBM,4,4,4,4,0,4,4,4,4,0,0,4,4
RSA,742723,334601,424250,742723,0,739946,741902,380830,0,0,0,742618,734089
DBG,87474,87474,84089,87474,0,80833,84104,70170,78886,9898,14814,85214,85042
UAAH,11201,11201,11201,11201,11033,10568,11194,10508,6800,3644,4471,11113,11144
URV,2261,0,2261,2261,0,2246,2261,262,2249,1845,1904,2260,2240
KSTC,50877,50877,50822,50866,0,50498,48547,22569,0,0,38196,50510,50221
MASS,8723,0,8723,8723,0,8723,8564,8558,8723,23,28,8712,7624
BBLM,4480,4480,4480,4480,4454,4092,4475,1218,4163,243,1728,4471,4364
WCUH,27994,5765,27993,27994,0,6471,27955,3174,19339,339,638,5355,6091
PERTH,131,0,0,131,0,131,131,90,130,3,1,131,129
FLD,14619,0,14587,14619,0,14068,14597,5428,1586,93,2107,14251,14190
ISTC,6788,0,0,6788,0,4167,4857,1,0,0,0,4903,4896
HAW,4189,4189,4189,4189,0,1657,2938,1,4025,0,483,3398,1
UARK,2727,0,2727,2727,0,2712,2538,1171,2727,1503,2635,2710,2665
LCDI,1395,0,1284,1395,0,1191,1395,438,0,120,261,1394,1386
TLU,5389,5389,0,5389,0,5362,5388,5254,0,142,167,5389,5360
UNLV,3143,0,3143,3143,0,3138,3143,1601,3143,1597,1682,3141,3134
KSP,25104,214,18000,25104,0,24211,25076,11671,5584,1952,2938,25003,24609
UF,20111,20111,20109,20111,0,15235,19794,17452,1,0,0,18534,3307
PH 987012,1,0,1,1,0,1,1,0,1,0,0,1,1
MICH,706343,1,705841,706343,0,586805,639954,191631,614301,33732,131178,667069,585632
VSC,72641,68881,72640,72641,0,11855,72371,4425,72640,15668,32594,72633,72294
HCOA,665,0,665,665,0,659,664,659,577,522,597,557,650
TLE,25440,0,25440,25440,0,24992,25341,13944,24017,21758,22265,25420,25138
MUR,1,0,1,1,0,1,1,1,1,0,0,1,1
MSC,203786,179189,203715,203786,0,198562,190026,32125,24547,11046,11598,197717,192300
PLU,7087,7087,7083,7087,7028,6971,7027,770,7020,405,1431,7036,6916
SMU,804,0,804,804,0,650,794,13,0,231,320,804,631
"",1167,10,1167,1167,0,1167,883,509,0,13,37,775,128
TU,67,67,67,67,0,0,54,46,0,0,0,67,0
ENMU,5170,0,5170,5170,0,5106,5170,2,1,2,2,5111,5113
"SEL, FLAS",9,0,9,9,0,7,9,4,7,0,5,9,7
Wilton Garden Club,1222,1222,1222,1222,0,784,1220,1020,1214,0,0,1213,1193
UMFK,46285,0,46285,46285,0,46280,46285,747,0,0,46253,46284,46274
UC,490499,260687,490494,490499,0,396043,407887,263889,220413,6432,18698,411497,399778
NYS,43264,39805,43264,42739,0,42108,41407,0,0,0,0,36472,37130
TENN,414921,67092,414921,414921,0,167494,411991,151187,349598,13754,52063,172378,170697
SFV,7201,7201,7201,7201,0,7189,7201,5646,0,0,0,7201,7184
USU,154050,154050,153863,154049,0,146424,153227,69138,84687,54089,56057,149473,143502
GVSC,3143,0,3143,3143,0,2894,2896,13,3080,3015,3023,3090,2909
NDA,8379,0,8379,8379,0,5162,8379,1212,8379,5086,5114,5350,5340
NDOA,1150,0,1150,1150,0,1126,1147,1,1150,3,1052,1147,1132
GH,234691,234691,234691,234691,0,216277,225501,4341,119285,24550,7535,232740,116632
PAC,30167,0,30167,30167,0,5042,30149,128,28702,113,165,5433,5105
VMNH,70,70,70,70,0,70,70,39,69,0,54,57,46
IBE,13908,0,13908,13908,0,243,13816,23,13556,1235,1585,13670,13268
LSU,168634,168634,168634,168634,0,159481,168554,57558,154322,61137,65580,168610,165116
UVSC,15971,15566,15971,15971,0,15727,15971,13577,0,0,0,15968,15718
SIM,23935,0,23935,23935,0,20184,23436,10445,21315,6,30,23905,20551
UHIM,10,10,10,10,0,0,10,0,10,0,0,10,10
UAMb,74247,74247,74247,74247,0,74247,72917,29489,56788,74236,74247,74247,74247
ARCH,4723,4723,4723,4723,0,4285,4714,4,4288,429,679,4681,4282
BUF,41035,41035,41035,41035,0,40887,39858,0,0,2394,4464,37389,36963
UOMNH,10417,10417,10415,9593,0,10329,9047,1265,0,0,5995,8929,0
UCMP,61968,61968,61968,60329,0,60278,60605,13532,914,0,0,32638,0
GMNH,113,113,103,113,0,113,113,100,0,0,0,113,113
POM,205936,87555,121543,205936,0,205174,205750,67404,0,0,0,205895,201477
CHSC,74057,74057,74057,74057,0,73719,74057,73217,0,0,0,73820,73863
University of Vermont,39226,39226,39226,39226,0,7918,39226,34058,37036,1770,1857,16055,36665
BEREA,24281,0,24281,24281,0,1983,24232,14,23454,45,45,2017,1985
WSP,76,0,76,76,0,75,76,76,75,0,0,76,76
NMNHI,60,0,0,60,0,59,60,12,0,19,60,60,59
KHD,1,1,1,1,0,1,1,0,1,0,0,1,1
UWM,7815,0,7815,7815,0,6171,7804,6232,7547,6766,6774,7812,7249
USUUB,6845,0,6839,6838,0,6492,6845,6555,0,6795,6800,6841,6821
PUR,4,0,4,4,0,3,4,4,4,0,0,4,4
UNCA,7839,0,7839,7839,0,7371,7830,3407,1,7829,7835,7782,7354
SEL,6216,0,6216,6216,0,5866,6214,2650,5906,1487,1688,6216,5886
Boston University,10844,10844,10844,10844,0,4875,10566,5785,10805,162,203,10194,9023
USAM,621,0,621,621,0,580,600,588,607,0,7,548,529
HSU,1,1,1,1,0,0,0,0,0,0,0,1,0
ID,154171,145698,151023,154171,142807,150549,153530,92526,146311,40479,47532,153981,152682
UTEP,82315,82315,82315,82315,0,82315,82287,32673,282,67404,82315,82313,82315
UMMZ,128,128,128,128,0,128,124,22,0,0,0,128,38
CAS,818595,778152,818595,818594,0,782404,781491,243355,56143,155638,164454,817811,808480
ASC,83581,1,80062,83581,0,81798,83570,78533,6,2766,27235,83556,81498
ASU,363911,245521,220375,363911,0,347663,360281,308282,119575,43821,209884,359751,344691
MISSA,28369,29,26732,28369,0,23093,27863,19394,26337,865,932,25591,23647
SDSM,1059,1059,1059,1059,0,0,1041,0,0,0,0,0,61
Logan,3,3,3,3,0,0,3,0,0,0,0,0,0
HUNT,5633,0,5633,5633,0,163,5631,120,5549,3,3,3614,3578
MUGM,19,19,19,19,0,19,19,19,0,0,0,18,18
MCA,51316,0,51316,51316,0,50430,51311,13492,50545,5,5,51315,50544
FH,135679,123956,135679,135230,0,129559,132207,2187,95418,4345,4563,133029,116494
AMES,16638,16638,16638,16638,0,13999,15517,612,8504,6815,2491,15750,13395
MBM,286618,286618,286618,280748,0,237338,264335,20934,0,46588,236933,286618,0
CSU,2525,0,2101,2525,0,2385,2524,1719,1587,0,1821,2259,2359
UCSC,7348,7337,7338,7348,0,7270,7348,4489,1,0,0,7345,7065
TAES,846,0,846,846,0,845,841,839,845,837,839,846,838
ILL,109602,0,109602,109602,0,18255,46044,2359,102512,2545,6274,33423,31292
VT,241775,20651,241772,241775,0,25254,231219,55453,238782,9483,15053,49612,65337
MAINE,13106,972,13106,13106,0,12514,13103,9705,65,4847,10955,12913,12129
miss,1,0,1,1,0,1,1,1,1,0,0,1,1
SUU,5713,0,5637,5713,0,5100,5469,1160,1015,5402,5436,5485,5334
YPM,276902,276902,276902,276902,0,143726,207471,181658,179160,5171,14375,193725,159384
WIS,504031,1,503933,504031,0,482420,501443,170331,383541,181553,192409,501590,474434
UAM,200695,200695,200695,200695,0,200695,125497,122633,172315,199369,200695,200691,200695
UWBM,19,19,19,19,0,19,19,16,0,0,0,13,8
UTC,2614,2614,2614,2614,0,2553,2613,1245,2,225,259,2612,2392
AMNH,5704,5400,5703,5407,0,4517,5094,360,613,2098,2639,2457,286
MO,4673486,4673486,4673486,4673486,0,4431052,4526060,3129413,268805,2529788,2921382,4673460,1
VCU,18873,0,18873,18873,0,0,18854,0,18577,94,94,0,0
JOTR,4358,4358,4358,4358,0,4358,4358,4275,0,0,0,4357,4357
SRP,94195,71427,83052,94195,67922,80817,82362,56999,79163,12028,32256,82336,82091
BRU,15730,0,15730,15730,0,5889,14130,14457,15703,2,193,14522,11527
MARY,53862,0,48706,53862,0,45580,53734,30889,44778,599,664,48109,45290
FSU,165291,84315,165291,165289,0,70215,163019,73159,150158,2005,0,86340,85992
WEWO,1902,0,1902,1902,0,1804,1902,1696,1802,1900,1900,1902,1804
SAU,4472,0,0,4472,0,4266,4359,4167,0,174,255,3188,4293
SYRF,6991,0,6991,6986,0,5767,6194,5,6885,84,2155,6348,6099
EPHR,1746,0,1745,1746,0,1695,1735,9,0,40,44,1743,1692
AVCH,2111,0,2111,2111,0,0,2111,0,1071,0,0,0,0
BING,19758,0,19758,19758,0,11033,11841,5081,18925,7846,10283,11347,10951
MSUNH,1384,0,1303,1384,0,1283,1331,31,0,478,646,1342,1342
HBSH,2426,0,2426,2426,0,586,2420,301,1967,668,668,674,587
NPS,2021,2021,2021,2021,0,1999,2020,1992,0,37,37,2021,1989
NAVA,12737,0,12609,12737,0,2634,12733,2092,2059,931,2262,12723,2619
BRY,43699,10,43699,43699,0,43343,43303,29431,39060,4,37546,43537,43432
MISS,75866,0,75389,75866,0,74818,75838,23570,74563,2696,3051,75854,74227
FHKSC,552,0,0,552,0,140,184,1,0,95,133,243,171
VPI,33599,1,31874,33479,0,6110,33599,3133,19835,257,5367,6131,6067
DMNS,6,6,6,6,0,6,6,3,0,5,6,6,6
USMS,18291,0,17666,18291,0,17168,17976,10297,16436,882,1228,16064,15078
US,3178979,3178979,2907734,3178978,0,2925066,3112641,529671,2366710,0,450893,3166866,0
SOC,18227,18227,18227,18227,18094,17633,18207,1315,16755,9001,17673,18227,18111
NCSLG,4773,0,0,4766,0,4710,4703,617,0,0,4743,4717,4767
CMC,21861,1815,21861,21861,0,20345,21330,5328,19787,10587,10937,20352,19574
UD,62,62,62,62,0,31,62,62,0,62,62,55,62
MESA,3136,0,3135,3136,0,2961,3133,2702,574,22,56,3109,2887
Yale Peabody Museum of Natural History,82636,82636,82636,82636,0,25914,81950,33674,73643,668,670,80922,65886
MWI,42354,0,42354,42354,0,40148,42079,3988,0,42331,42351,42353,41943
PSM,11745,11745,11745,11745,11561,11426,11614,220,11514,2,2,11526,11652
NHI,8223,0,8223,8223,0,2851,3578,2689,464,1765,1879,2944,8154
ENLC,6059,3,5317,6059,0,5931,6059,5758,289,3600,4907,6058,5961
WET,4421,0,0,4421,0,3150,4292,3119,0,24,32,4224,4201
WWB,4962,0,4962,4962,0,0,0,0,0,0,0,0,0
BHSC,1603,0,1603,1603,0,1603,1603,1474,1572,11,11,1603,1603
SFSU,34336,0,34318,34336,0,26138,27120,21786,33545,1116,26209,34269,33219
Westfield State University,11031,11031,11031,11031,0,0,10984,0,10516,0,0,11020,10929
WGC,4999,0,4999,4999,0,4975,4988,0,4972,0,0,4999,4948
UNM,125905,125905,59790,125905,0,121935,125410,58640,56264,32252,44419,125731,121151
MACF,247,247,247,247,0,246,247,101,0,0,0,247,247
WFU,156,0,125,156,0,151,155,150,122,2,151,156,152
AASU,5061,0,5061,5061,0,5010,5056,4,0,0,0,5008,4971
ECON,2519,2519,2519,2519,0,2433,2505,39,1266,128,66,2490,1428
JEPS,109684,109684,109684,109684,0,109173,109684,90934,0,0,0,109671,108813
DAV,111498,109549,111498,111498,0,111384,110861,28724,1948,93,47536,110906,1780
NMSU,1,1,1,1,0,1,1,0,0,1,1,1,1
CM,491803,12464,491803,491796,0,475283,481417,210832,37667,2,232263,486147,466765
CIC,45853,45853,45452,45853,45339,43953,45327,22924,42507,15398,31300,45754,45052
WVA,12153,0,12153,12153,0,958,11749,13,12152,12,15,4559,1404
UCLA,690,690,690,690,0,654,690,492,0,0,0,690,653
NHA,85208,0,85208,85208,0,85102,85064,85087,84706,3233,3488,85095,82882
A,89817,89817,89817,89817,0,80051,83532,11841,28214,11868,6221,89230,63796
REED,5484,5484,5456,5484,5344,5314,5437,1797,4873,678,930,5442,5346
JTP,1,0,1,1,0,1,1,1,0,0,0,1,1
SWRS,1670,0,1670,1670,0,1648,1670,1,0,1629,1663,1669,1645
CONV,6436,0,6436,6436,0,0,6315,0,6146,0,0,0,0
BDI,18517,0,0,18517,0,14740,17204,13675,0,1380,1762,16657,14371
LACM,77,77,77,77,0,77,77,76,4,48,77,77,48
UConn,155695,155695,155694,155695,0,143429,152708,136411,150277,4054,5308,151968,153899
EDOBLM,1328,0,1328,1328,0,1289,1327,1301,0,477,1159,1327,1298
BYU,5,5,5,5,0,5,5,4,0,0,0,5,5
SIU,6785,0,6785,6785,0,6723,6768,409,6785,398,2838,6770,4770
GUAM,3,3,3,3,0,2,1,3,0,0,0,3,3
GAS,35404,0,35404,35404,0,33916,34422,5434,14687,0,0,33300,33848
ALAJ,8670,0,8670,8670,0,8571,1196,8249,8666,5946,8540,1143,8577
KANU,1184,1184,1184,1184,0,1178,1160,1181,0,0,0,0,0
GEO,14856,14856,14856,14856,0,13449,12664,2591,9796,0,0,14519,14331
NCSM,1848,1848,1848,1158,0,1761,1847,0,0,1406,1294,1703,0
UWSP,73669,53181,73669,73669,0,60022,73591,50049,49989,8907,12717,73478,71750
PGM,7591,7591,7591,7591,0,7591,7591,3140,0,0,0,7589,7587
DUKE,416536,0,415815,416536,0,281719,413328,147593,75854,26047,141601,282310,273304
PRC,211145,211145,211145,211145,0,209256,211143,38382,128493,5,210205,211141,207180
OMNH,5,5,5,5,0,0,5,0,0,0,0,0,0
SD,127440,127440,127440,127440,0,127197,127440,114930,0,0,0,127437,126953
SNM,27589,0,27588,27589,0,26927,27588,7539,0,9237,9265,27516,26805
CMNH,138,138,138,138,0,80,115,0,0,0,0,87,0
NCU,508311,276,508155,508311,0,221700,501427,104960,400106,129833,135209,239547,221150
MDKY,10278,0,10278,10278,0,0,10275,0,9337,0,0,0,0
ALA,78961,0,78961,78961,0,34366,77622,33305,44733,76716,77836,78960,78857
YM-YOSE,9204,9204,9204,9204,0,9105,9204,6094,0,0,0,9180,8759
WASH,712,177,712,712,0,67,669,110,0,3,3,630,610
WTU,360214,360214,350457,360214,324826,353934,356425,262246,119947,119538,183811,360129,354277
"C.A. Triplehorn Insect Collection, Ohio State University, Columbus, OH (OSUC)",1,1,1,1,0,1,1,1,0,1,0,1,1
USNM,80789,80789,80788,80781,0,16720,24358,5583,5146,0,36869,13607,0
BPBM,431733,431733,431733,431733,0,424060,418110,89149,1,233738,279032,427902,393743
ARIZ,35225,2,35224,35225,0,30722,31754,2,14287,1088,31858,31860,31697
KNK,22925,0,22925,22925,0,22555,22863,943,19092,0,4670,12244,11438
TROY,14534,0,14534,14534,0,14534,14534,4971,14534,0,0,14533,0
BRFC,623,623,623,623,0,623,623,431,0,0,0,623,623
IRVC,5672,5672,5672,5672,0,5662,5672,4943,0,0,0,5668,5647
"SEL,AMES",1,0,1,1,0,0,1,0,0,1,1,1,0
USF,241732,224594,241732,241732,0,230628,240202,51993,240103,93564,108846,241606,237998
University of New Hampshire,86144,86144,86144,86144,0,34388,86136,65,84560,836,836,85250,84581
MONT,53260,44764,53216,53260,44098,52305,52997,40089,52587,24078,27611,53063,51420
Central Connecticut State University,1785,1785,1785,1785,0,831,1770,0,1784,50,1120,1771,1731
PH,484503,0,484503,484503,0,171931,482534,28010,446709,16169,29362,180140,169870
UCHT,43163,1,42101,43163,0,6837,42684,33,9947,687,745,9007,8642
BDWR,2524,0,2524,2524,0,0,2439,0,0,0,0,0,0
CATA,2832,2832,2832,2832,0,2832,2832,1475,0,0,0,2827,2829
USU-UTC,25,25,25,25,0,25,25,25,25,25,25,25,25
KU,384831,384831,384826,384831,0,376930,366968,278936,0,0,233492,362646,315530
NY,3929270,3929269,3929270,3929259,0,2288981,2503088,1282421,2836563,619691,828065,2538977,2350050
TTRS,10505,10505,10505,10505,0,10383,10505,10459,10043,0,0,10445,507
MIN,536581,536581,535199,536581,0,388402,458220,224757,291974,29180,33630,455601,404658
NCSC,76822,40092,76787,76822,0,40046,75360,3415,71478,2471,429,43317,39451
FTG,540,0,540,540,0,539,540,539,538,9,131,539,518
CRMO,2649,2649,2649,2649,2624,2628,2644,586,2631,2004,2502,2648,2619
OS,49574,30340,49572,49574,0,3664,48554,25417,47617,3451,9227,40561,35536
MU,145035,0,145035,145035,0,61103,104997,23070,139464,21475,25463,108354,101304
CNC,8,0,8,8,0,8,8,8,0,6,8,8,8
COLO,314618,263954,314618,314618,0,215714,313956,88170,299783,88265,94232,266799,221863
EKY,80178,0,76607,80178,0,75421,80166,2779,74448,12439,13842,79967,76447
SDSU,33534,33534,33533,33534,0,32308,33532,18416,2,16656,16694,33282,32934
MEM,13570,0,13569,13570,0,19,13566,10,0,112,112,13570,13189
CSUSB,2003,2003,2003,2003,0,1976,2003,1407,0,0,0,2003,1941
BPI,747457,0,747457,710997,0,692318,692342,0,0,0,379319,703856,671363
EMC,9434,0,8835,9434,0,8603,9215,2057,8543,1117,3230,9096,8643
NLU,10250,0,10249,10250,0,4688,10238,270,9620,423,438,10150,10084
RHNM,6,0,6,6,0,6,6,6,6,5,5,6,6
NCSU,4,0,4,4,0,4,4,0,0,4,4,4,4
CHRB,60439,15,60438,60439,0,25558,46068,4175,54203,7474,8697,34838,31501
UNA,2394,0,2394,2394,0,2388,2377,2229,2363,490,525,2394,2302
SALK,500,0,500,500,0,472,500,466,475,468,473,499,478
UCM,230,230,230,230,0,230,223,14,0,215,216,217,212
BOIS,10409,10409,7633,10409,10337,10114,10229,386,7366,1760,6781,10370,9741
KIRI,7173,0,7173,7173,0,7173,5841,5820,7173,0,2,7148,4894
ISC,102139,0,98333,102139,0,54532,81213,34946,53217,8462,25311,77281,74922
USCH,104983,104539,58685,104983,0,99001,102575,21042,55202,671,103066,103787,94129
Brown,72097,72097,72097,72097,0,43986,67603,3071,61895,0,0,59945,52546
BUT,48078,43165,48077,48078,0,45970,47982,2936,24743,552,4671,48000,46977
CUP,71997,43,71995,67951,0,55545,61589,917,17617,3373,31228,60292,53589
ETSU,11116,0,6658,11116,0,7391,10447,3397,0,7,122,7444,7468
CAU,5377,0,5377,5377,0,1693,5375,1532,2523,273,296,1707,1668
SENEY,741,0,741,741,0,734,730,0,734,283,283,741,693
DES,85787,1,83484,85787,0,82733,85050,81749,75546,11247,17697,85761,82126
PUL,2,0,2,2,0,0,2,2,2,0,0,2,2
OMA,18989,0,18989,18989,0,18926,18579,5248,0,0,0,18967,18829
HWBA,636,0,634,636,0,557,620,224,2,64,88,622,610
PRI,729,729,729,714,0,729,716,70,0,1,15,194,12
"PT: SEL, USF",1,0,1,1,0,1,1,1,1,0,0,1,1
CDA,24115,24115,24115,24115,0,23900,24115,16902,0,0,0,24113,24093
LEDLIE,1402,0,0,1402,0,1402,1402,1,0,0,1402,1402,1395
SCFS,1000,1000,1000,1000,0,999,1000,922,0,0,0,998,992
TEX,1,1,1,1,0,1,1,0,1,1,1,1,1
HUDC,8736,0,8736,8736,0,1662,1969,6,8727,19,54,1985,1893
Harvard University,21323,21323,21323,20843,0,21298,21035,1,11163,17,13,21301,19857
KAIB,19,0,0,19,0,1,19,1,0,0,0,19,1
OBI,46093,44971,45767,46093,0,45897,46053,24772,1009,226,417,46040,45702
University of Massachusetts,93292,93292,93292,93292,0,90272,91878,77734,86888,0,0,92001,86389
NEB,48000,0,48000,48000,0,25003,43832,23385,47920,9013,14514,42170,40048
CINC,41880,0,41879,41880,0,32488,41434,1198,41734,13730,17562,36446,33590
KE,15242,0,14973,15242,0,15242,15221,7365,0,0,0,15241,15138
FHL,3508,3508,3508,3508,2659,3508,3473,3406,3505,952,2492,3508,3293
UVA,213,213,213,213,0,213,213,22,213,0,0,213,199
NEBC,159359,159359,159359,159359,0,153502,159338,152,152309,5241,4130,159242,153540
IDS,60851,59236,60647,60851,57974,60140,60423,23909,59847,56807,58670,60815,59875
Western Connecticut State University,5775,5775,5773,5775,0,1757,5526,3667,4482,20,27,5701,5654
NMC,1,1,1,1,0,1,1,0,0,0,0,1,1
DS,118417,118417,118417,118417,0,118417,118417,73217,0,0,0,118417,116188
USFS/BHSC,341,0,341,341,0,340,341,340,303,2,2,341,340
OSC,82451,7,82451,79267,0,82024,80757,35287,9744,6320,6207,79499,65945
CLEMS,80574,0,80309,80574,0,45784,79079,1446,69645,1374,49219,49567,46029
WCW,10999,10999,10999,10999,10804,10811,10794,892,10887,1925,2246,10921,10686
APCR,1456,0,1456,1456,0,46,1456,46,0,0,0,82,46
MSB,39,39,39,39,0,39,39,36,21,37,39,39,39
ILLS,333143,2745,114868,333143,0,310542,332305,79336,69292,395,16680,332523,308946
MNA,36637,18,36346,36637,0,35775,36560,21570,3713,11889,28965,36150,30086
HJAEF,1064,1064,1064,1064,1059,1056,1064,916,964,607,756,1064,1010
CSCA,69,0,69,69,0,69,69,69,0,37,66,69,69
FMNH,23355,23355,23354,23355,0,0,23279,0,3091,0,16513,1914,0
RMBL,6937,0,6900,6937,0,6824,6937,3591,6759,2728,2833,6932,6824
BLMAR,647,647,647,647,0,647,647,268,0,0,0,644,647
FHSM,1,1,1,0,0,1,1,0,1,0,1,1,0
VDBBRIT,1,1,1,1,0,1,1,0,0,1,1,1,1
BOON,15255,0,14638,15255,0,5326,15153,3375,10725,197,462,5644,5374
MOAR,26079,0,25231,26079,0,21135,23120,20856,23218,70,157,23201,21274
HLSD,3542,0,3542,3542,0,379,2456,15,3520,165,1633,2712,2360
CALVIN,4825,0,4825,4825,0,4692,4760,0,4646,0,0,4825,4664
YUO,183,0,183,183,0,183,183,155,183,0,0,183,170
GA,220444,0,220418,220444,0,209261,215627,6748,180889,0,0,99894,99134
JMUH,5062,0,5062,5062,0,4838,4797,784,4654,0,0,4838,4811
JROH,4747,4747,4747,4747,0,4747,4747,3688,0,0,0,4747,4735
BALT,27690,0,18608,27690,0,26396,27554,166,15751,6606,11879,26960,25967
HPC,26212,0,26212,26212,0,10620,26187,2351,2533,3,7,26152,25992
HPSU,15804,15804,15804,15804,15668,15420,15718,6494,12234,4814,9662,15736,15504
DEK,3801,0,3801,3801,0,3578,3778,3575,3669,840,1026,3706,3632
USCS,17838,0,17838,17838,0,13,17838,0,17440,0,0,19,13
EIU,27333,13,15228,27331,0,26407,27129,12292,14154,11041,13954,27191,26756
SCIR,1296,0,1296,1296,0,1275,1273,1275,1282,65,54,1291,1275
ODU,1729,0,1729,1729,0,1607,1698,128,0,46,149,1703,1604
UCD,102124,102124,102124,102124,0,101980,102124,68001,0,0,0,101946,100088
SAPCL,258,0,258,258,0,253,239,116,0,247,249,256,230
University of Rhode Island,12556,12556,12556,12556,0,6539,10571,3141,12367,198,240,10038,10230
Colgate University,3094,3094,3094,3094,0,2743,3076,50,0,46,186,3008,2702
UWFP,21517,0,21517,21517,0,304,21282,304,20699,0,0,304,1
SACT,2522,2522,2522,2522,0,1965,2522,2102,0,0,0,2478,2495
IND,153492,138,153414,153492,0,131246,151775,44738,147638,33333,34430,142991,140136
"SEL, USF",61,0,61,61,0,61,61,23,61,0,0,61,61
DMNH,48,48,48,48,0,48,39,8,0,0,0,36,43
USFWS,5062,5062,5062,5062,0,4929,5062,4926,4513,4455,4764,5062,4929
FTU,19346,0,19346,19346,0,1529,18025,1528,18923,211,895,1529,1443
AWC,1662,0,1634,1662,0,1588,1642,1196,1607,74,222,1660,1632
CHAS,152,152,152,152,0,152,152,52,33,66,152,152,152
Arizona State,1,0,0,1,0,1,1,0,0,0,0,0,1
DOV,23261,0,23261,23261,0,3660,22770,259,23029,43,43,3777,3722
UNAF,4878,0,3153,4878,0,4843,4875,2375,2379,2328,2378,4869,4838
SBBG,132162,99909,131767,132162,0,131639,131805,92516,0,12138,15379,131867,130536
BRIT,84285,720,81309,84285,0,18816,83975,55985,17703,9567,12366,71260,70183
AUA,28127,0,28127,28127,0,27898,28062,1637,27820,2944,3017,27927,3235
WSTC,1019,1019,1019,1019,1015,1009,1006,8,1011,183,183,1018,981
WNC,6625,0,6625,6625,0,6599,6622,6560,6599,6415,6469,6625,6584
SJSU,10115,10115,10115,10115,0,10103,10115,5496,0,0,0,10115,10114
UWEC,1675,0,1675,1675,0,1279,1674,152,1675,1182,1492,1672,1659
Keene State University,11861,11861,11861,11861,0,864,10123,0,11473,86,86,9786,9165
Connecituct College,1067,1067,1067,1067,0,574,924,0,1064,164,164,959,919
JFBM,12,12,12,12,0,12,12,8,0,0,0,12,12
ECUH,5166,0,5166,5166,0,12,5125,5,4804,53,53,12,12
MOT,2488,0,2488,2488,0,2488,2484,2487,2488,1,4,2482,2428
RM,6129,6,6129,6129,0,9,6125,3,6124,5,5,10,10
CONN,3977,0,3977,3977,0,3772,3933,3922,3770,1,1,3887,3682
VDB,156135,3927,156132,156135,0,11623,156126,632,152624,139719,140987,12458,11667
BHO,4900,0,4900,4900,0,2933,4896,1,4815,668,725,3224,3154
LINF,3569,3569,3569,3569,3546,3514,3528,255,3479,242,199,3568,3520
UHM,1519,1519,1519,1519,0,1418,1488,1460,644,534,1055,1392,1368
HSC,74762,71139,74762,74762,0,73783,74730,43848,3623,1,3182,74587,74134
UNCC,9590,9590,9590,9590,0,8550,9555,1726,6987,119,119,9589,8533
MSUB,13444,0,10747,13444,0,11701,13356,73,0,4,4139,11956,12207
BLM,3712,3712,3655,3712,0,3272,3540,1355,738,491,795,3588,3403
RSABG,17,0,14,17,0,17,16,2,0,0,0,16,16
NULL,1,1,1,1,0,1,1,1,1,0,0,1,1
MUHW,41956,0,41467,41956,0,16001,40475,1435,40375,5440,8278,16673,15579
PASA,2394,2394,2394,2394,0,2363,2394,906,0,0,0,2017,2273
EWU,6684,6684,6683,6684,6565,6579,6571,6006,6502,502,1186,6683,6517
MONTU,64671,63319,64663,64671,63023,62413,64619,61286,55771,56808,57280,64577,64059
VVC,2515,2515,2515,2515,0,2480,2515,2424,0,0,0,2482,2481
University of Maine,44772,44772,44772,44772,0,28285,44729,30048,37513,7590,9414,43634,39426
LSUM,14555,14555,14555,14555,0,14209,14336,13766,14467,456,5491,14398,14338
GMUF,36506,36506,36506,36506,0,24189,36506,1171,35218,80,829,24595,24249
UT,21976,21976,21973,21976,0,8258,21768,4834,21629,3951,4269,8467,8283
CORT,5336,0,5336,5166,0,5245,5335,683,0,0,414,5336,5326
CBG,68,0,68,68,0,68,68,68,68,68,24,68,68
VALE,5060,5060,5060,5060,5025,4717,5053,3293,4726,96,4172,5058,4960
MIL,3155,0,3155,3155,0,2806,3035,533,0,380,2064,3151,3129
